audio_path,wav_path,csv_path,qmax_ml_s,duration_s_audio,max_freq_at_max_energy,avg_freq_above_80pct_energy,max_audio_energy,mean_audio_energy,std_audio_energy,max_log_audio_energy,mean_log_audio_energy,std_log_audio_energy,energy_slope,log_energy_slope,time_of_max_energy_s,dominant_freq_at_peak_energy,mean_dominant_freq,std_dominant_freq,max_dominant_freq,mean_mel_power_emax_window_unlogged,flow_eq_from_mel_emax_window
C:\school\project\healthy_dataset\included\audio\Rec_data_7.m4a,C:\school\project\everything everything\06_gradient_boosting_training_outputs\wav_files\Rec_data_7.wav,C:\school\project\healthy_dataset\included\scale\scale_log_data_7.csv,27.653728157929937,38.4,340.5972326730014,340.5972326730014,0.11210782080888748,0.029422197490930557,0.02007606066763401,-2.1882941722869873,-3.813713788986206,0.8369845151901245,-0.0011639364593343088,-0.05010818179122485,10.727619047619047,936.6943359375,1139.5940165120767,1344.030507390598,10357.470703125,0.8702508807182312,36.31020223050197
C:\school\project\healthy_dataset\included\audio\Rec_data_9.m4a,C:\school\project\everything everything\06_gradient_boosting_training_outputs\wav_files\Rec_data_9.wav,C:\school\project\healthy_dataset\included\scale\scale_log_data_9.csv,17.350406829398494,35.96802721088435,759.79382673208,772.8937202964262,0.1044975072145462,0.030785538256168365,0.019011743366718292,-2.258591890335083,-3.7251572608947754,0.7785912156105042,-0.00047597004915486706,-0.011647219342849867,24.56671201814059,1431.9580078125,955.1081116640778,1246.7305356349482,10217.5048828125,0.45773178339004517,28.25030578884122
C:\school\project\healthy_dataset\included\audio\Rec_data_12.m4a,C:\school\project\everything everything\06_gradient_boosting_training_outputs\wav_files\Rec_data_12.wav,C:\school\project\healthy_dataset\included\scale\scale_log_data_12.csv,27.199413098572812,42.15469387755102,1414.3980264081877,903.7950363045875,0.13058675825595856,0.02590104565024376,0.025780806317925453,-2.035717248916626,-4.201773166656494,1.1005758047103882,-0.00015984538781805625,0.010013022170148518,15.580589569160997,1431.9580078125,730.6943988730992,816.1993483098302,10066.7724609375,1.1349856853485107,40.27995808023066
C:\school\project\healthy_dataset\included\audio\Rec_data_13.m4a,C:\school\project\everything everything\06_gradient_boosting_training_outputs\wav_files\Rec_data_13.wav,C:\school\project\healthy_dataset\included\scale\scale_log_data_13.csv,26.629763016317668,30.506666666666668,1414.3980264081877,1136.618368578556,0.11097569763660431,0.024048324674367905,0.021429602056741714,-2.19844388961792,-4.194945812225342,1.0333380699157715,-0.0011082789895691132,-0.04829371667325597,8.777142857142858,1431.9580078125,804.0589677526596,1048.50898633527,10325.1708984375,0.9579868912696838,37.69856650789952
C:\school\project\healthy_dataset\included\audio\Rec_data_14.m4a,C:\school\project\everything everything\06_gradient_boosting_training_outputs\wav_files\Rec_data_14.wav,C:\school\project\healthy_dataset\included\scale\scale_log_data_14.csv,20.893246187363882,30.72,916.9925495042345,646.2614158410796,0.1554088443517685,0.029939182102680206,0.028248200193047523,-1.8616958856582642,-3.9349403381347656,0.937609851360321,-0.0012265225705762356,-0.03822105445452779,9.264761904761905,1744.189453125,663.1394443451794,1093.3977129424022,10443.603515625,1.2843072414398193,42.27257945036526
C:\school\project\healthy_dataset\included\audio\Rec_data_15.m4a,C:\school\project\everything everything\06_gradient_boosting_training_outputs\wav_files\Rec_data_15.wav,C:\school\project\healthy_dataset\included\scale\scale_log_data_15.csv,15.532435196300762,28.416009070294784,916.9925495042345,916.9925495042345,0.09198824316263199,0.020428765565156937,0.018184589222073555,-2.386094570159912,-4.2676568031311035,0.8686196208000183,-0.0008788148084496587,-0.04160999036431905,8.661043083900227,3897.509765625,717.7527438671232,1117.8304899334512,10303.6376953125,0.5168423056602478,29.622995601116983
C:\school\project\healthy_dataset\included\audio\Rec_data_18.m4a,C:\school\project\everything everything\06_gradient_boosting_training_outputs\wav_files\Rec_data_18.wav,C:\school\project\healthy_dataset\included\scale\scale_log_data_18.csv,11.652749988884455,31.253333333333334,759.79382673208,759.79382673208,0.1358048915863037,0.02901865541934967,0.024334115907549858,-1.9965358972549438,-3.856999397277832,0.7860727310180664,-0.0005232842579205979,-0.01492323174652091,13.606893424036281,2379.4189453125,521.3996972293215,830.3437297521871,10002.1728515625,1.0547078847885132,39.14204212441801
C:\school\project\healthy_dataset\included\audio\Rec_data_19.m4a,C:\school\project\everything everything\06_gradient_boosting_training_outputs\wav_files\Rec_data_19.wav,C:\school\project\healthy_dataset\included\scale\scale_log_data_19.csv,10.52456538170826,28.30934240362812,995.5919108903119,733.5940396033876,0.1296045333147049,0.01959102787077427,0.01651398278772831,-2.0432674884796143,-4.24603271484375,0.7821081280708313,-0.00019265529676706057,-0.007250217356850603,16.300408163265306,3100.78125,518.9950561523438,983.9989101828297,10422.0703125,0.3134032189846039,24.36450512020844
C:\school\project\healthy_dataset\included\audio\Rec_data_20.m4a,C:\school\project\everything everything\06_gradient_boosting_training_outputs\wav_files\Rec_data_20.wav,C:\school\project\healthy_dataset\included\scale\scale_log_data_20.csv,7.852830020897267,28.821360544217686,183.3985099008469,183.3985099008469,0.1667453795671463,0.034088023006916046,0.02795242704451084,-1.7912871837615967,-3.6551244258880615,0.7144239544868469,-0.00031942416945218217,-0.006141552031610807,9.752380952380953,979.7607421875,415.92624470338984,772.9726451933761,10432.8369140625,1.7524118423461914,47.7292098106853
C:\school\project\healthy_dataset\included\audio\Rec_data_21.m4a,C:\school\project\everything everything\06_gradient_boosting_training_outputs\wav_files\Rec_data_21.wav,C:\school\project\healthy_dataset\included\scale\scale_log_data_21.csv,24.530523320439336,22.016009070294785,916.9925495042345,733.5940396033876,0.10773240029811859,0.02914687618613243,0.022883595898747444,-2.228104829788208,-3.8947091102600098,0.9103466868400574,-0.0024556624337627305,-0.10750354237545331,3.877732426303855,1798.0224609375,963.9090836543455,1128.6331450642328,10077.5390625,0.7397550344467163,34.077323129389065
C:\school\project\healthy_dataset\included\audio\Rec_data_22.m4a,C:\school\project\everything everything\06_gradient_boosting_training_outputs\wav_files\Rec_data_22.wav,C:\school\project\healthy_dataset\included\scale\scale_log_data_22.csv,28.22471210706509,27.54136054421769,785.9936138607725,759.79382673208,0.14464566111564636,0.029093241319060326,0.03214143589138985,-1.9334681034088135,-4.135281085968018,1.0859287977218628,-0.0009721887271549825,-0.029301690812230944,9.079002267573696,398.3642578125,624.9724974115211,949.6033069671088,7267.4560546875,1.2873338460922241,42.31146840326147
C:\school\project\healthy_dataset\included\audio\Rec_data_23.m4a,C:\school\project\everything everything\06_gradient_boosting_training_outputs\wav_files\Rec_data_23.wav,C:\school\project\healthy_dataset\included\scale\scale_log_data_23.csv,32.72509003601443,30.144036281179137,288.1976584156166,288.1976584156166,0.26550057530403137,0.03756790608167648,0.02710208110511303,-1.3261382579803467,-3.6104471683502197,0.9268549680709839,-0.002115792086445423,-0.09965005638328447,18.970702947845805,312.2314453125,769.4355571186626,882.051384176924,5921.630859375,2.937080144882202,58.398269004462655
C:\school\project\healthy_dataset\included\audio\Rec_data_24.m4a,C:\school\project\everything everything\06_gradient_boosting_training_outputs\wav_files\Rec_data_24.wav,C:\school\project\healthy_dataset\included\scale\scale_log_data_24.csv,32.40202747765779,25.87736961451247,916.9925495042345,916.9925495042345,0.165878027677536,0.04042431339621544,0.040736667811870575,-1.7965024709701538,-3.805126428604126,1.1505755186080933,0.0005628664388565048,0.04107432535262359,8.289523809523809,613.6962890625,769.3046201508621,1010.14116900242,10303.6376953125,2.2223739624023438,52.37117278208854
C:\school\project\healthy_dataset\included\audio\Rec_data_25.m4a,C:\school\project\everything everything\06_gradient_boosting_training_outputs\wav_files\Rec_data_25.wav,C:\school\project\healthy_dataset\included\scale\scale_log_data_25.csv,29.41665555110938,26.11201814058957,890.792762375542,903.8926559398883,0.14374859631061554,0.030827822163701057,0.029585720971226692,-1.9396892786026,-3.953350305557251,1.0064617395401,-0.0019293984272102957,-0.05734222099276818,6.292607709750567,1798.0224609375,807.7410547866434,949.6225044033762,10152.9052734375,1.2808175086975098,42.22767036888117
C:\school\project\healthy_dataset\included\audio\Rec_data_26.m4a,C:\school\project\everything everything\06_gradient_boosting_training_outputs\wav_files\Rec_data_26.wav,C:\school\project\healthy_dataset\included\scale\scale_log_data_26.csv,25.062558356676043,23.87201814058957,785.9936138607725,785.9936138607725,0.09159602969884872,0.019006524235010147,0.018905311822891235,-2.390367269515991,-4.453936576843262,1.0195752382278442,-0.0008831643218033337,-0.04916182084491236,6.8034467120181406,387.59765625,656.7297699254588,878.5069141831242,6632.2265625,0.8861696720123291,36.56823984066294
C:\school\project\healthy_dataset\included\audio\Rec_data_27.m4a,C:\school\project\everything everything\06_gradient_boosting_training_outputs\wav_files\Rec_data_27.wav,C:\school\project\healthy_dataset\included\scale\scale_log_data_27.csv,32.50722511226719,27.456009070294783,340.5972326730014,537.0956361381944,0.16125604510307312,0.04532568156719208,0.04258930683135986,-1.8247617483139038,-3.6429927349090576,1.1230920553207397,-6.231823879985082e-05,0.018103591410068273,12.167256235827665,355.2978515625,820.394935449624,1109.6965861666,10389.7705078125,2.3456943035125732,53.48780857986034
C:\school\project\healthy_dataset\included\audio\Rec_data_28.m4a,C:\school\project\everything everything\06_gradient_boosting_training_outputs\wav_files\Rec_data_28.wav,C:\school\project\healthy_dataset\included\scale\scale_log_data_28.csv,28.012360499755516,23.59469387755102,628.794891088618,765.0337841578184,0.09839151054620743,0.018187781795859337,0.019507363438606262,-2.318800687789917,-4.53556489944458,1.0298713445663452,-0.001021732732486882,-0.060265141099183565,5.9675283446712015,1173.5595703125,682.5956958835408,1002.9495603364243,8064.1845703125,0.6645954251289368,32.68045649848728
C:\school\project\healthy_dataset\included\audio\Rec_data_29.m4a,C:\school\project\everything everything\06_gradient_boosting_training_outputs\wav_files\Rec_data_29.wav,C:\school\project\healthy_dataset\included\scale\scale_log_data_29.csv,18.019474456449267,24.938684807256237,916.9925495042345,916.9925495042345,0.09597592055797577,0.018772300332784653,0.01940137706696987,-2.343657970428467,-4.4417266845703125,0.9419798254966736,-0.0007816722352432824,-0.037654498078094754,9.032562358276644,925.927734375,661.091431575035,1168.5130575212802,10206.73828125,0.620366096496582,31.812949036686973
C:\school\project\healthy_dataset\included\audio\Rec_data_30.m4a,C:\school\project\everything everything\06_gradient_boosting_training_outputs\wav_files\Rec_data_30.wav,C:\school\project\healthy_dataset\included\scale\scale_log_data_30.csv,33.44279934195909,25.66403628117914,916.9925495042345,812.1934009894649,0.13835038244724274,0.03718540817499161,0.033461812883615494,-1.9779657125473022,-3.8514795303344727,1.1657954454421997,-0.00277132629099357,-0.10881720291982264,4.760090702947846,721.3623046875,809.235501576619,922.34241980541,7181.3232421875,1.4900083541870117,44.79851892595447
C:\school\project\healthy_dataset\included\audio\Rec_data_31.m4a,C:\school\project\everything everything\06_gradient_boosting_training_outputs\wav_files\Rec_data_31.wav,C:\school\project\healthy_dataset\included\scale\scale_log_data_31.csv,18.433506736027773,23.338684807256236,916.9925495042345,694.2943589103489,0.12704306840896606,0.030755795538425446,0.029920857399702072,-2.0632290840148926,-3.981992721557617,1.0158544778823853,-0.001046896486564394,-0.035241487768497205,11.981496598639456,936.6943359375,740.5222832011501,1175.0197774008575,10422.0703125,0.8183780312538147,35.44883064745803
C:\school\project\healthy_dataset\included\audio\Rec_data_32.m4a,C:\school\project\everything everything\06_gradient_boosting_training_outputs\wav_files\Rec_data_32.wav,C:\school\project\healthy_dataset\included\scale\scale_log_data_32.csv,17.70814992663736,22.869342403628117,890.792762375542,903.8926559398883,0.08107621967792511,0.020968586206436157,0.020275834947824478,-2.5123655796051025,-4.325008869171143,0.9531463384628296,-0.0007374488426175969,-0.03138999921064345,8.057324263038549,925.927734375,526.0365361752717,760.1076891324087,8505.615234375,0.49931809306144714,29.22649149143609
C:\school\project\healthy_dataset\included\audio\Rec_data_33.m4a,C:\school\project\everything everything\06_gradient_boosting_training_outputs\wav_files\Rec_data_33.wav,C:\school\project\healthy_dataset\included\scale\scale_log_data_33.csv,22.38610999955543,26.944036281179137,890.792762375542,890.792762375542,0.10092826187610626,0.021580874919891357,0.022836869582533836,-2.2933452129364014,-4.328219413757324,0.9686392545700073,-0.0006750893543807792,-0.02380491375063837,9.05578231292517,904.39453125,600.430633385144,903.0109772047981,10056.005859375,0.8733529448509216,36.360709772469065
C:\school\project\healthy_dataset\included\audio\Rec_data_34.m4a,C:\school\project\everything everything\06_gradient_boosting_training_outputs\wav_files\Rec_data_34.wav,C:\school\project\healthy_dataset\included\scale\scale_log_data_34.csv,15.7334044729003,22.848027210884354,759.79382673208,471.59616831646343,0.14276795089244843,0.03555726259946823,0.032105058431625366,-1.9465346336364746,-3.714224338531494,0.8545242547988892,-0.0012215024401743045,-0.029191231953925166,6.780226757369615,936.6943359375,509.34476239965596,837.0832772469083,7472.021484375,1.5418150424957275,45.40068004533298
C:\school\project\healthy_dataset\included\audio\Rec_data_35.m4a,C:\school\project\everything everything\06_gradient_boosting_training_outputs\wav_files\Rec_data_35.wav,C:\school\project\healthy_dataset\included\scale\scale_log_data_35.csv,27.58054332844258,28.565351473922902,471.59616831646343,484.6960618808097,0.07959295064210892,0.022612128406763077,0.021026531234383583,-2.530829668045044,-4.328141689300537,1.1121498346328735,-0.0009227613967343426,-0.04497125774425248,11.517097505668934,6642.9931640625,715.4240244442655,1045.0846207305963,10314.404296875,0.34483519196510315,25.291402369498144
C:\school\project\healthy_dataset\included\audio\Rec_data_36.m4a,C:\school\project\everything everything\06_gradient_boosting_training_outputs\wav_files\Rec_data_36.wav,C:\school\project\healthy_dataset\included\scale\scale_log_data_36.csv,14.88301987461652,23.36,471.59616831646343,471.59616831646343,0.15856119990348816,0.03863640874624252,0.03415653109550476,-1.8416146039962769,-3.6600329875946045,0.9187185168266296,-0.0006025405299001852,-0.01128421583683953,9.775600907029478,1022.8271484375,697.5104715151421,1210.985153257845,9851.4404296875,1.6693052053451538,46.83184593025866
C:\school\project\healthy_dataset\included\audio\Rec_data_37.m4a,C:\school\project\everything everything\06_gradient_boosting_training_outputs\wav_files\Rec_data_37.wav,C:\school\project\healthy_dataset\included\scale\scale_log_data_37.csv,23.063625450180094,26.453333333333333,1304.273695349327,997.752348232282,0.09574946761131287,0.020923590287566185,0.021564971655607224,-2.346020221710205,-4.398843288421631,1.0428178310394287,-0.0006268494284543634,-0.026478708383284956,10.356099773242631,753.662109375,759.794017970826,1114.995257068771,10271.337890625,0.7273334264755249,33.85263303762385
C:\school\project\healthy_dataset\included\audio\Rec_data_38.m4a,C:\school\project\everything everything\06_gradient_boosting_training_outputs\wav_files\Rec_data_38.wav,C:\school\project\healthy_dataset\included\scale\scale_log_data_38.csv,34.93263972255578,26.9653514739229,707.3942524746952,694.294358910349,0.149627223610878,0.04123692214488983,0.041637860238552094,-1.8996081352233887,-3.819257974624634,1.1853488683700562,-0.0014682993432239017,-0.04220629132044539,9.636281179138322,2250.2197265625,727.1152959269167,1044.7915852962724,10325.1708984375,2.1673178672790527,51.86045325901141
C:\school\project\healthy_dataset\included\audio\Rec_data_39.m4a,C:\school\project\everything everything\06_gradient_boosting_training_outputs\wav_files\Rec_data_39.wav,C:\school\project\healthy_dataset\included\scale\scale_log_data_39.csv,20.139789249032994,23.701360544217685,916.9925495042345,916.9925495042345,0.11346578598022461,0.02631256729364395,0.025233859196305275,-2.1762537956237793,-4.102821350097656,0.9733870029449463,-0.0007574223916181447,-0.025832658873053877,9.427301587301587,936.6943359375,688.4070482082709,1041.8985524171198,10174.4384765625,0.7494333386421204,34.250802002562985
C:\school\project\healthy_dataset\included\audio\Rec_data_40.m4a,C:\school\project\everything everything\06_gradient_boosting_training_outputs\wav_files\Rec_data_40.wav,C:\school\project\healthy_dataset\included\scale\scale_log_data_40.csv,22.317104619625667,25.450702947845805,890.792762375542,903.8926559398883,0.11992549896240234,0.025139115750789642,0.02439195290207863,-2.120884418487549,-4.152325630187988,0.9809346795082092,-0.0006951744615049475,-0.021045882333587725,9.520181405895691,1485.791015625,682.2101299579327,1074.3437654612949,10217.5048828125,1.0040838718414307,38.39708458861649
C:\school\project\healthy_dataset\included\audio\Rec_data_41.m4a,C:\school\project\everything everything\06_gradient_boosting_training_outputs\wav_files\Rec_data_41.wav,C:\school\project\healthy_dataset\included\scale\scale_log_data_41.csv,13.27544351073765,23.168027210884354,340.5972326730014,340.5972326730014,0.12379640340805054,0.033471573144197464,0.029881348833441734,-2.0891168117523193,-3.8110744953155518,0.9157691597938538,0.00029047718348283654,0.017412259263788962,9.798820861678005,1614.990234375,403.00017880721833,740.2070545273951,7364.35546875,1.1573739051818848,40.588504122449656
C:\school\project\healthy_dataset\included\audio\Rec_data_42.m4a,C:\school\project\everything everything\06_gradient_boosting_training_outputs\wav_files\Rec_data_42.wav,C:\school\project\healthy_dataset\included\scale\scale_log_data_42.csv,15.926014850384627,17.216009070294785,340.5972326730014,340.5972326730014,0.15054951608181,0.03400995582342148,0.03271915018558502,-1.893463134765625,-3.848233938217163,0.9816576242446899,-0.0015017254015436729,-0.03920417997779014,6.199727891156463,355.2978515625,422.0928852784567,693.8241301288544,10185.205078125,2.300337791442871,53.08137176719427
C:\school\project\healthy_dataset\included\audio\Rec_data_43.m4a,C:\school\project\everything everything\06_gradient_boosting_training_outputs\wav_files\Rec_data_43.wav,C:\school\project\healthy_dataset\included\scale\scale_log_data_43.csv,20.59116980125387,24.085351473922902,419.1965940590786,419.1965940590786,0.12425275146961212,0.025180624797940254,0.026006702333688736,-2.085437297821045,-4.210800647735596,1.0275038480758667,-0.0012717547748122874,-0.05077324247977973,7.7090249433106575,4080.5419921875,694.5792710485537,1077.0949508050815,9959.1064453125,0.7275465130805969,33.856507117504734
C:\school\project\healthy_dataset\included\audio\Rec_data_44.m4a,C:\school\project\everything everything\06_gradient_boosting_training_outputs\wav_files\Rec_data_44.wav,C:\school\project\healthy_dataset\included\scale\scale_log_data_44.csv,26.119425547997054,28.84267573696145,340.5972326730014,340.5972326730014,0.1261836737394333,0.028436757624149323,0.029456675052642822,-2.070016622543335,-4.152401447296143,1.1220965385437012,-0.0007729789663388032,-0.021253418149458563,9.47374149659864,936.6943359375,623.4824108643213,1014.4856667238031,6890.625,1.4029730558395386,43.75747018204992
C:\school\project\healthy_dataset\included\audio\Rec_data_45.m4a,C:\school\project\everything everything\06_gradient_boosting_training_outputs\wav_files\Rec_data_45.wav,C:\school\project\healthy_dataset\included\scale\scale_log_data_45.csv,19.364012271575355,24.021360544217686,340.5972326730014,340.5972326730014,0.07794973999261856,0.01680484414100647,0.016595158725976944,-2.5516908168792725,-4.560215950012207,0.9681649804115295,-0.00029496454263774896,-0.003993203430215549,9.195102040816327,753.662109375,589.9550914764404,985.1376616311472,10443.603515625,0.3459164500236511,25.32235293357694
C:\school\project\healthy_dataset\included\audio\Rec_data_46.m4a,C:\school\project\everything everything\06_gradient_boosting_training_outputs\wav_files\Rec_data_46.wav,C:\school\project\healthy_dataset\included\scale\scale_log_data_46.csv,13.676492819349988,20.778684807256237,340.5972326730014,406.09670049473243,0.09383652359247208,0.01641158200800419,0.01436858531087637,-2.366201162338257,-4.446090221405029,0.8049476742744446,-0.0004929988633670279,-0.0256728474208987,6.826666666666667,5792.431640625,559.2685084466601,1018.259321223562,9054.7119140625,0.3201407492160797,24.56779969486972
C:\school\project\healthy_dataset\included\audio\Rec_data_47.m4a,C:\school\project\everything everything\06_gradient_boosting_training_outputs\wav_files\Rec_data_47.wav,C:\school\project\healthy_dataset\included\scale\scale_log_data_47.csv,8.492997198879575,23.14666666666667,183.3985099008469,183.3985099008469,0.11378804594278336,0.02354556880891323,0.018292484804987907,-2.173417806625366,-4.018938064575195,0.7229447960853577,-0.0003348870556572307,-0.011123380805736244,8.289523809523809,1248.92578125,548.739596419598,1129.5401747786505,10357.470703125,0.7809305787086487,34.80610388677989
C:\school\project\healthy_dataset\included\audio\Rec_data_49.m4a,C:\school\project\everything everything\06_gradient_boosting_training_outputs\wav_files\Rec_data_49.wav,C:\school\project\healthy_dataset\included\scale\scale_log_data_49.csv,15.459161442354725,20.330702947845804,183.3985099008469,523.9957425738484,0.12300735712051392,0.02979406528174877,0.027237139642238617,-2.095510959625244,-3.9199140071868896,0.8993539214134216,-0.0009104051547835526,-0.022487071681051535,7.662585034013605,5178.7353515625,652.389533350615,1177.7459541970309,10411.3037109375,0.8647202849388123,36.21988068661857
C:\school\project\healthy_dataset\included\audio\Rec_data_55.m4a,C:\school\project\everything everything\06_gradient_boosting_training_outputs\wav_files\Rec_data_55.wav,C:\school\project\healthy_dataset\included\scale\scale_log_data_55.csv,32.836245609354904,24.426666666666666,471.59616831646343,471.59616831646343,0.18360669910907745,0.06498599797487259,0.045757561922073364,-1.694959282875061,-3.0911803245544434,0.9544393420219421,-0.004842560255807481,-0.1040188640329046,5.131609977324263,506.0302734375,605.9042876621462,481.9349388777079,6449.1943359375,3.57639217376709,63.06847828485265
C:\school\project\healthy_dataset\included\audio\Rec_data_56.m4a,C:\school\project\everything everything\06_gradient_boosting_training_outputs\wav_files\Rec_data_56.wav,C:\school\project\healthy_dataset\included\scale\scale_log_data_56.csv,11.229469565604045,21.18403628117914,471.59616831646343,471.59616831646343,0.14572224020957947,0.02919611893594265,0.027407368645071983,-1.9260528087615967,-3.9432172775268555,0.8954652547836304,-0.0003264957736894014,-0.004590125870236547,8.986122448979591,2304.052734375,403.54772853100394,529.4576514905873,5824.7314453125,0.7550144791603088,34.3502212303758
C:\school\project\healthy_dataset\included\audio\Rec_data_57.m4a,C:\school\project\everything everything\06_gradient_boosting_training_outputs\wav_files\Rec_data_57.wav,C:\school\project\healthy_dataset\included\scale\scale_log_data_57.csv,11.596371882086185,24.426666666666666,471.59616831646343,497.79595544515587,0.10418995469808578,0.022220833227038383,0.02177152968943119,-2.2615394592285156,-4.226406097412109,0.8826319575309753,4.0247862057235196e-05,0.005915148441384699,11.075918367346938,495.263671875,371.44775390625,549.2752395219,6675.29296875,0.8543062806129456,36.04884672691551
C:\school\project\healthy_dataset\included\audio\Rec_data_58.m4a,C:\school\project\everything everything\06_gradient_boosting_training_outputs\wav_files\Rec_data_58.wav,C:\school\project\healthy_dataset\included\scale\scale_log_data_58.csv,20.85189631408124,24.85333333333333,471.59616831646343,497.79595544515587,0.12805497646331787,0.0339810736477375,0.026600351557135582,-2.055295467376709,-3.744611978530884,0.9257675409317017,-0.0005770758464248232,0.0030298488794141517,6.548027210884354,1690.3564453125,673.8934860338952,765.5317778181955,7730.419921875,1.2925750017166138,42.37868064370334
C:\school\project\healthy_dataset\included\audio\Rec_data_59.m4a,C:\school\project\everything everything\06_gradient_boosting_training_outputs\wav_files\Rec_data_59.wav,C:\school\project\healthy_dataset\included\scale\scale_log_data_59.csv,22.266684451558433,24.68267573696145,471.59616831646343,497.79595544515587,0.11736170947551727,0.022607576102018356,0.023631364107131958,-2.1424944400787354,-4.304599761962891,1.0223947763442993,-0.00023286613878996254,0.0006254922834719803,10.00780045351474,495.263671875,488.45744837468595,702.7141450937432,7127.490234375,1.1220353841781616,40.09978612599759
C:\school\project\healthy_dataset\included\audio\Rec_data_60.m4a,C:\school\project\everything everything\06_gradient_boosting_training_outputs\wav_files\Rec_data_60.wav,C:\school\project\healthy_dataset\included\scale\scale_log_data_60.csv,33.30781201369446,27.07201814058957,471.59616831646343,471.59616831646343,0.12242646515369415,0.03939046338200569,0.03315259516239166,-2.1002447605133057,-3.7162816524505615,1.091975450515747,-0.003279613732303917,-0.11592091590505706,4.4117913832199545,549.0966796875,735.70306496542,894.777670085734,8161.083984375,1.6141949892044067,46.22167053101152
C:\school\project\healthy_dataset\included\audio\Rec_data_61.m4a,C:\school\project\everything everything\06_gradient_boosting_training_outputs\wav_files\Rec_data_61.wav,C:\school\project\healthy_dataset\included\scale\scale_log_data_61.csv,27.085856564848214,27.2853514739229,471.59616831646343,497.79595544515587,0.12998849153518677,0.023962613195180893,0.020198669284582138,-2.040309190750122,-4.157071113586426,0.9911154508590698,-0.0019529936107155735,-0.10567872331519042,6.640907029478458,495.263671875,590.8391186919954,688.1656394198974,7493.5546875,0.9457719326019287,37.510051900063246
C:\school\project\healthy_dataset\included\audio\Rec_data_62.m4a,C:\school\project\everything everything\06_gradient_boosting_training_outputs\wav_files\Rec_data_62.wav,C:\school\project\healthy_dataset\included\scale\scale_log_data_62.csv,11.048419367747112,23.637369614512473,523.9957425738482,523.9957425738482,0.18258412182331085,0.042609620839357376,0.03245147690176964,-1.7005441188812256,-3.4452402591705322,0.7725675106048584,0.0002091303170984537,0.010765809706146911,8.568163265306122,624.462890625,383.55221720136836,485.8333068388281,6384.5947265625,2.0322091579437256,50.572670276136094
C:\school\project\healthy_dataset\included\audio\Rec_data_63.m4a,C:\school\project\everything everything\06_gradient_boosting_training_outputs\wav_files\Rec_data_63.wav,C:\school\project\healthy_dataset\included\scale\scale_log_data_63.csv,19.122671290738552,25.685351473922903,523.9957425738482,523.9957425738482,0.11363408714532852,0.024154240265488625,0.02242007851600647,-2.174771785736084,-4.197528839111328,1.0093477964401245,-0.0001651675652002082,0.002278759250578601,11.702857142857143,936.6943359375,546.5429316888045,822.2788967349836,10292.87109375,0.9373942613601685,37.37989927997551
C:\school\project\healthy_dataset\included\audio\Rec_data_64.m4a,C:\school\project\everything everything\06_gradient_boosting_training_outputs\wav_files\Rec_data_64.wav,C:\school\project\healthy_dataset\included\scale\scale_log_data_64.csv,14.457338490951953,22.293333333333333,523.9957425738482,510.89584900950206,0.14132094383239746,0.03293587267398834,0.030171222984790802,-1.9567216634750366,-3.811579704284668,0.8900880217552185,-7.954994315371946e-05,0.008098591713015099,9.357641723356009,495.263671875,514.6390592379959,857.9634185201661,8354.8828125,1.1983562707901,41.14401912451812
C:\school\project\healthy_dataset\included\audio\Rec_data_65.m4a,C:\school\project\everything everything\06_gradient_boosting_training_outputs\wav_files\Rec_data_65.wav,C:\school\project\healthy_dataset\included\scale\scale_log_data_65.csv,9.7841803388022,21.44,52.39957425738483,275.09776485127037,0.12394939363002777,0.025654803961515427,0.02141137793660164,-2.0878818035125732,-3.9685311317443848,0.7672488689422607,-8.70347218172906e-05,-0.0010848749695241025,11.19201814058957,1894.921875,462.3209105252443,855.2932722037276,10271.337890625,0.9696348309516907,37.87697080043666
C:\school\project\healthy_dataset\included\audio\Rec_data_66.m4a,C:\school\project\everything everything\06_gradient_boosting_training_outputs\wav_files\Rec_data_66.wav,C:\school\project\healthy_dataset\included\scale\scale_log_data_66.csv,8.458672357832036,23.36,785.9936138607725,785.9936138607725,0.12668578326702118,0.01827358640730381,0.01829206384718418,-2.0660452842712402,-4.340347766876221,0.7588325142860413,-6.497801104363951e-05,0.002648916275485084,10.379319727891156,796.728515625,369.2955070335867,665.579946633581,7181.3232421875,0.8984557390213013,36.765467371218755
C:\school\project\healthy_dataset\included\audio\Rec_data_67.m4a,C:\school\project\everything everything\06_gradient_boosting_training_outputs\wav_files\Rec_data_67.wav,C:\school\project\healthy_dataset\included\scale\scale_log_data_67.csv,9.77342047930285,22.144036281179137,52.39957425738483,117.89904207911587,0.09547799080610275,0.021461065858602524,0.01748766005039215,-2.3488595485687256,-4.133554935455322,0.7551025152206421,-4.88113498031516e-05,-0.00656823997000346,12.794195011337868,699.8291015625,425.56945608241324,771.6460479165872,9851.4404296875,0.4678088426589966,28.491657009214606
C:\school\project\healthy_dataset\included\audio\Rec_data_68.m4a,C:\school\project\everything everything\06_gradient_boosting_training_outputs\wav_files\Rec_data_68.wav,C:\school\project\healthy_dataset\included\scale\scale_log_data_68.csv,14.303765950824804,23.189342403628117,523.9957425738482,523.9957425738482,0.08609439432621002,0.01910616271197796,0.018606210127472878,-2.452310800552368,-4.411965370178223,0.9502459764480591,-4.906229769272704e-05,0.0063263572764875676,14.721451247165533,4080.5419921875,630.2187568565071,1091.1000747877915,9420.7763671875,0.17506369948387146,19.406996446484463
C:\school\project\healthy_dataset\included\audio\Rec_data_69.m4a,C:\school\project\everything everything\06_gradient_boosting_training_outputs\wav_files\Rec_data_69.wav,C:\school\project\healthy_dataset\included\scale\scale_log_data_69.csv,9.07056155795653,20.906666666666666,733.5940396033876,746.6939331677338,0.09345369040966034,0.02278268337249756,0.01808060333132744,-2.3702890872955322,-4.083017349243164,0.7755683064460754,0.0001404551480136469,0.011063218462004257,10.913378684807256,753.662109375,456.8252257621102,750.9317782196795,10152.9052734375,0.6122469902038574,31.649645018535747
C:\school\project\healthy_dataset\included\audio\Rec_data_70.m4a,C:\school\project\everything everything\06_gradient_boosting_training_outputs\wav_files\Rec_data_70.wav,C:\school\project\healthy_dataset\included\scale\scale_log_data_70.csv,10.084567160197423,23.829342403628118,288.1976584156166,288.1976584156166,0.07885273545980453,0.01668163761496544,0.015295079909265041,-2.540173053741455,-4.449495315551758,0.8174965381622314,5.3666371091653314e-05,0.014398145466637337,10.054240362811791,301.46484375,431.53845382063355,759.4704770326847,10195.9716796875,0.7822542786598206,34.82913954758993
C:\school\project\healthy_dataset\included\audio\Rec_data_71.m4a,C:\school\project\everything everything\06_gradient_boosting_training_outputs\wav_files\Rec_data_71.wav,C:\school\project\healthy_dataset\included\scale\scale_log_data_71.csv,21.78222400071145,22.058684807256235,340.5972326730014,550.1955297025407,0.13639287650585175,0.029364094138145447,0.03176511079072952,-1.992215633392334,-4.078833103179932,1.0482720136642456,-0.000934470378441306,-0.022494976966877866,8.382403628117913,376.8310546875,515.8659742960751,742.223161146707,10303.6376953125,1.96311354637146,49.89385911995332
C:\school\project\healthy_dataset\included\audio\Rec_data_72.m4a,C:\school\project\everything everything\06_gradient_boosting_training_outputs\wav_files\Rec_data_72.wav,C:\school\project\healthy_dataset\included\scale\scale_log_data_72.csv,24.253256858298922,24.533333333333335,340.5972326730014,510.89584900950206,0.11925733834505081,0.024102557450532913,0.023206649348139763,-2.126471519470215,-4.225481033325195,1.0537163019180298,-1.9789353779962726e-05,0.028720020670235193,10.00780045351474,1571.923828125,756.5283036476109,1273.9087284721602,10335.9375,0.7985555529594421,35.11089549575988
C:\school\project\healthy_dataset\included\audio\Rec_data_73.m4a,C:\school\project\everything everything\06_gradient_boosting_training_outputs\wav_files\Rec_data_73.wav,C:\school\project\healthy_dataset\included\scale\scale_log_data_73.csv,21.8370014672536,24.32,26.199787128692414,39.299680693038624,0.20069628953933716,0.019578002393245697,0.020385393872857094,-1.6059623956680298,-4.359947204589844,0.9703940749168396,-0.0012341355605525054,-0.11762117641221682,17.740045351473924,107.666015625,795.0441286471371,1140.2079338771757,10368.2373046875,2.2575392723083496,52.69335442443016
C:\school\project\healthy_dataset\included\audio\Rec_data_74.m4a,C:\school\project\everything everything\06_gradient_boosting_training_outputs\wav_files\Rec_data_74.wav,C:\school\project\healthy_dataset\included\scale\scale_log_data_74.csv,21.159130318794215,22.250702947845806,523.9957425738482,523.9957425738482,0.07204755395650864,0.015521161258220673,0.014468709006905556,-2.6304287910461426,-4.603064060211182,0.9581855535507202,-0.00023567623793916846,-0.007311092650033213,8.034104308390022,1485.791015625,643.3658164953176,974.6059069245889,10195.9716796875,0.3112112581729889,24.297792632241425
C:\school\project\healthy_dataset\included\audio\Rec_data_75.m4a,C:\school\project\everything everything\06_gradient_boosting_training_outputs\wav_files\Rec_data_75.wav,C:\school\project\healthy_dataset\included\scale\scale_log_data_75.csv,22.761371215152778,23.402675736961452,890.792762375542,707.3942524746952,0.09496226906776428,0.019121555611491203,0.019729623571038246,-2.354275703430176,-4.47548770904541,1.0352606773376465,-0.00016670635413355844,0.004660252965594954,9.47374149659864,882.861328125,668.7231065819301,1138.9095727504873,7116.7236328125,0.8278077840805054,35.607839978099555
C:\school\project\healthy_dataset\included\audio\Rec_data_76.m4a,C:\school\project\everything everything\06_gradient_boosting_training_outputs\wav_files\Rec_data_76.wav,C:\school\project\healthy_dataset\included\scale\scale_log_data_76.csv,15.648036992574852,24.96,523.9957425738482,523.9957425738482,0.11176642030477524,0.02658180519938469,0.025229206308722496,-2.1913440227508545,-4.091682434082031,0.9741306304931641,0.00016494550428826303,0.019020325849814997,10.95981859410431,979.7607421875,639.3548220198676,1104.4586423643016,10271.337890625,0.8526248931884766,36.021113624047395
C:\school\project\healthy_dataset\included\audio\Rec_data_77.m4a,C:\school\project\everything everything\06_gradient_boosting_training_outputs\wav_files\Rec_data_77.wav,C:\school\project\healthy_dataset\included\scale\scale_log_data_77.csv,18.407096171802078,22.890702947845806,1109.0801261491836,935.4496370194262,0.0943135991692543,0.018378784880042076,0.01725044846534729,-2.3611297607421875,-4.4536824226379395,0.9787214994430542,0.0005339439264205353,0.04726871441438597,11.702857142857143,1119.7265625,688.4605697438686,1096.548791409579,10335.9375,0.482835054397583,28.845729725050766
C:\school\project\healthy_dataset\included\audio\Rec_data_78.m4a,C:\school\project\everything everything\06_gradient_boosting_training_outputs\wav_files\Rec_data_78.wav,C:\school\project\healthy_dataset\included\scale\scale_log_data_78.csv,24.032635276332805,23.55201814058957,628.794891088618,484.6960618808097,0.10284610092639923,0.02381177991628647,0.02141731046140194,-2.274521589279175,-4.153776168823242,0.9479647874832153,-0.0019921144812996647,-0.09405847283282823,4.527891156462585,656.7626953125,905.1732006258693,1295.1856668121718,10185.205078125,0.9036563634872437,36.84845760019188
C:\school\project\healthy_dataset\included\audio\Rec_data_79.m4a,C:\school\project\everything everything\06_gradient_boosting_training_outputs\wav_files\Rec_data_79.wav,C:\school\project\healthy_dataset\included\scale\scale_log_data_79.csv,24.2044373304878,22.91201814058957,340.5972326730014,340.5972326730014,0.13691681623458862,0.02975190430879593,0.028197618201375008,-1.9883816242218018,-4.000669479370117,1.0297927856445312,0.0002621629506462848,0.037669011826068126,9.636281179138322,645.99609375,687.9107240188954,1050.0173180735667,7428.955078125,1.3808186054229736,43.486227294054466
C:\school\project\healthy_dataset\included\audio\Rec_data_80.m4a,C:\school\project\everything everything\06_gradient_boosting_training_outputs\wav_files\Rec_data_80.wav,C:\school\project\healthy_dataset\included\scale\scale_log_data_80.csv,22.85323018096131,21.845351473922904,340.5972326730014,340.5972326730014,0.13526341319084167,0.03335172310471535,0.030790772289037704,-2.0005311965942383,-3.8887877464294434,1.0432944297790527,-0.0020814877456247364,-0.0572259590211829,6.548027210884354,355.2978515625,874.1358623145803,1378.35554366286,10314.404296875,1.2046844959259033,41.22876091436804
C:\school\project\healthy_dataset\included\audio\Rec_data_81.m4a,C:\school\project\everything everything\06_gradient_boosting_training_outputs\wav_files\Rec_data_81.wav,C:\school\project\healthy_dataset\included\scale\scale_log_data_81.csv,13.503445822773584,22.4,523.9957425738482,523.9957425738482,0.09152600169181824,0.02205994911491871,0.02054211124777794,-2.391132116317749,-4.275135517120361,0.9742481708526611,0.00042495961741156695,0.03389766174269783,7.918004535147392,559.86328125,433.0840270551509,605.2718248342808,6879.8583984375,0.4924606680870056,29.069028108002907
C:\school\project\abnormal_dataset\interrupted\recordings\Interrupted_1.m4a,C:\school\project\everything everything\06_gradient_boosting_training_outputs\wav_files\Interrupted_1.wav,C:\school\project\abnormal_dataset\interrupted\scale\scale_log_interrupted_1.csv,10.899026277177539,30.208027210884353,471.59616831646343,471.59616831646343,0.09571481496095657,0.02228282205760479,0.019488271325826645,-2.3463821411132812,-4.524060249328613,1.5314761400222778,-0.0006990046595924442,-0.05390945516937987,11.215238095238096,5663.232421875,859.7870023676579,1141.6746124193464,10325.1708984375,0.47326144576072693,28.620930672519656
C:\school\project\abnormal_dataset\interrupted\recordings\Interrupted_2.m4a,C:\school\project\everything everything\06_gradient_boosting_training_outputs\wav_files\Interrupted_2.wav,C:\school\project\abnormal_dataset\interrupted\scale\scale_log_interrupted_2.csv,9.997243341781175,37.098684807256234,471.59616831646343,471.59616831646343,0.09693008661270142,0.026726847514510155,0.02617228403687477,-2.3337652683258057,-4.607661724090576,1.782551646232605,0.0004884716874339752,0.057045265534995684,7.22140589569161,2077.9541015625,749.2579264434626,1052.11261214296,10368.2373046875,1.024733543395996,38.703657463430474
C:\school\project\abnormal_dataset\interrupted\recordings\Interrupted_3.m4a,C:\school\project\everything everything\06_gradient_boosting_training_outputs\wav_files\Interrupted_3.wav,C:\school\project\abnormal_dataset\interrupted\scale\scale_log_interrupted_3.csv,11.764794806811674,27.584036281179138,471.59616831646343,471.59616831646343,0.10580215603113174,0.030503878369927406,0.02348783239722252,-2.2461843490600586,-4.03769063949585,1.3305453062057495,-0.0002286730219288984,-0.008522059274145415,17.600725623582765,3046.9482421875,864.2737046727594,1011.9503004043095,9743.7744140625,0.7277534604072571,33.86026891879009
C:\school\project\abnormal_dataset\interrupted\recordings\Interrupted_4.m4a,C:\school\project\everything everything\06_gradient_boosting_training_outputs\wav_files\Interrupted_4.wav,C:\school\project\abnormal_dataset\interrupted\scale\scale_log_interrupted_4.csv,9.95518207282915,26.816009070294786,523.9957425738482,497.79595544515587,0.08868484944105148,0.020231636241078377,0.018589617684483528,-2.422666072845459,-4.722565650939941,1.59343421459198,-0.0006904345989546272,-0.0797879471820697,0.9752380952380952,549.0966796875,776.5596460968197,1008.3622723772448,8580.9814453125,0.42242667078971863,27.378210395770502
C:\school\project\abnormal_dataset\interrupted\recordings\Interrupted_5.m4a,C:\school\project\everything everything\06_gradient_boosting_training_outputs\wav_files\Interrupted_5.wav,C:\school\project\abnormal_dataset\interrupted\scale\scale_log_interrupted_5.csv,8.962073718376253,30.12267573696145,419.1965940590786,432.2964876234248,0.0736861377954483,0.017091698944568634,0.015486089512705803,-2.607940435409546,-4.749887466430664,1.421500325202942,-0.0002374388154356848,-0.024123430764176827,19.435102040816325,5318.701171875,938.9781605113636,1218.612016983698,7665.8203125,0.06856309622526169,13.456151370068378
C:\school\project\abnormal_dataset\interrupted\recordings\Interrupted_6.m4a,C:\school\project\everything everything\06_gradient_boosting_training_outputs\wav_files\Interrupted_6.wav,C:\school\project\abnormal_dataset\interrupted\scale\scale_log_interrupted_6.csv,7.024765461740263,31.082675736961452,916.9925495042345,916.9925495042345,0.13670165836811066,0.025905901566147804,0.025656450539827347,-1.9899543523788452,-4.403615951538086,1.4759867191314697,-0.0002951260273929854,-0.028002797258022415,23.405714285714286,861.328125,894.8709827769886,1281.2499457494926,10346.7041015625,0.7170049548149109,33.66401789759124
C:\school\project\abnormal_dataset\interrupted\recordings\Interrupted_7.m4a,C:\school\project\everything everything\06_gradient_boosting_training_outputs\wav_files\Interrupted_7.wav,C:\school\project\abnormal_dataset\interrupted\scale\scale_log_interrupted_7.csv,12.354275043350686,25.92,1755.6828148163845,733.6534550421861,0.09367093443870544,0.024269381538033485,0.0196943711489439,-2.367967128753662,-4.485926151275635,1.6730492115020752,-1.4773906036759503e-05,-0.00013459393379611686,18.06512471655329,6158.49609375,1039.6964228232878,1223.2702210713067,7062.890625,0.2742511034011841,23.12688894946965
C:\school\project\abnormal_dataset\interrupted\recordings\Interrupted_8.m4a,C:\school\project\everything everything\06_gradient_boosting_training_outputs\wav_files\Interrupted_8.wav,C:\school\project\abnormal_dataset\interrupted\scale\scale_log_interrupted_8.csv,10.44097639055624,28.458684807256237,497.7959554451559,478.1461150986365,0.14426790177822113,0.042997248470783234,0.034436725080013275,-1.936083197593689,-3.9056739807128906,1.6506561040878296,4.407676311597561e-05,-0.0044832928784926595,2.2058956916099772,1765.72265625,905.502503670302,1100.8248603925517,10465.13671875,1.1344507932662964,40.27254123118275
C:\school\project\abnormal_dataset\interrupted\recordings\Interrupted_9.m4a,C:\school\project\everything everything\06_gradient_boosting_training_outputs\wav_files\Interrupted_9.wav,C:\school\project\abnormal_dataset\interrupted\scale\scale_log_interrupted_9.csv,14.039037837357215,29.03469387755102,1755.6828148163845,1732.9141342638566,0.10603686422109604,0.02534767985343933,0.021887287497520447,-2.2439684867858887,-4.451569557189941,1.6640084981918335,-0.0004750373003553248,-0.013892425315029077,3.2275736961451247,1636.5234375,1179.022371316258,1258.6482037717788,10346.7041015625,0.5479994416236877,30.30820414217854
C:\school\project\abnormal_dataset\interrupted\recordings\Interrupted_10.m4a,C:\school\project\everything everything\06_gradient_boosting_training_outputs\wav_files\Interrupted_10.wav,C:\school\project\abnormal_dataset\interrupted\scale\scale_log_interrupted_10.csv,14.882664176781855,26.56,838.3931881181572,742.3273019796184,0.10080989450216293,0.026406893506646156,0.022437728941440582,-2.2945187091827393,-4.426641464233398,1.6636743545532227,-0.000553239283832026,-0.023757894589759604,7.801904761904762,861.328125,977.6569234913793,1064.7833641416057,6621.4599609375,0.7157041430473328,33.640145790882194
C:\school\project\abnormal_dataset\interrupted\recordings\Interrupted_11.m4a,C:\school\project\everything everything\06_gradient_boosting_training_outputs\wav_files\Interrupted_11.wav,C:\school\project\abnormal_dataset\interrupted\scale\scale_log_interrupted_11.csv,9.455871237383857,28.48,445.396381187771,462.8629059402326,0.1766127049922943,0.04334300011396408,0.03814936429262161,-1.7337960004806519,-3.9494385719299316,1.6566404104232788,-0.0010149407798455635,-0.03689146174146048,1.7414965986394557,1044.3603515625,827.0717500793147,1089.2656209729728,7407.421875,1.7368799448013306,47.563502517378545
C:\school\project\abnormal_dataset\interrupted\recordings\Interrupted_12.m4a,C:\school\project\everything everything\06_gradient_boosting_training_outputs\wav_files\Interrupted_12.wav,C:\school\project\abnormal_dataset\interrupted\scale\scale_log_interrupted_12.csv,12.134009159219259,26.005351473922904,523.9957425738482,602.5951039599255,0.1020277887582779,0.025486836209893227,0.02286311611533165,-2.2825100421905518,-4.651336669921875,1.8751949071884155,0.0008089309661408159,0.12832554917780165,17.345306122448978,936.6943359375,861.3401412963867,1172.6138153155878,10335.9375,0.6892077326774597,33.14802307764382
C:\school\project\abnormal_dataset\interrupted\recordings\Interrupted_13.m4a,C:\school\project\everything everything\06_gradient_boosting_training_outputs\wav_files\Interrupted_13.wav,C:\school\project\abnormal_dataset\interrupted\scale\scale_log_interrupted_13.csv,9.223422702414311,31.701360544217685,523.9957425738482,771.1560209067417,0.09541145712137222,0.020347466692328453,0.020140966400504112,-2.3495564460754395,-4.868178844451904,1.7372770309448242,-0.0003221117265786847,-0.03846642845480504,14.953650793650795,1044.3603515625,874.6929621292373,1244.1096712679475,8257.9833984375,0.3895646035671234,26.525589001497167
C:\school\project\abnormal_dataset\interrupted\recordings\Interrupted_14.m4a,C:\school\project\everything everything\06_gradient_boosting_training_outputs\wav_files\Interrupted_14.wav,C:\school\project\abnormal_dataset\interrupted\scale\scale_log_interrupted_14.csv,6.597038815526226,30.72,654.9946782173104,681.1944653460027,0.11930884420871735,0.023567702621221542,0.023458553478121758,-2.126039743423462,-4.647428035736084,1.676648736000061,-0.0007214750526504921,-0.05955924317393437,17.066666666666666,678.2958984375,801.2230421968563,1284.1968190365903,10346.7041015625,0.6290736794471741,31.986648495594693
C:\school\project\abnormal_dataset\slow\recordings\Slow_1.m4a,C:\school\project\everything everything\06_gradient_boosting_training_outputs\wav_files\Slow_1.wav,C:\school\project\abnormal_dataset\slow\scale\scale_log_slow_1.csv,6.144057623049229,33.94136054421769,890.792762375542,864.5929752468496,0.09535419195890427,0.019765254110097885,0.014489766210317612,-2.3501570224761963,-4.218800067901611,0.826804518699646,0.0002523855521739481,0.02118729396798613,19.06358276643991,5275.634765625,1004.8377504904709,1219.3623903646808,10357.470703125,0.20353445410728455,20.583699873938755
C:\school\project\abnormal_dataset\slow\recordings\Slow_2.m4a,C:\school\project\everything everything\06_gradient_boosting_training_outputs\wav_files\Slow_2.wav,C:\school\project\abnormal_dataset\slow\scale\scale_log_slow_2.csv,6.079943088346459,32.234693877551024,864.5929752468496,877.6928688111958,0.12586158514022827,0.025664962828159332,0.01844877004623413,-2.0725724697113037,-4.000099182128906,0.989810585975647,-5.7032842944941345e-05,-0.03098108080615495,19.202902494331067,807.4951171875,855.8638723273026,960.4257460051844,9582.275390625,0.7941583395004272,35.035240650950115
C:\school\project\abnormal_dataset\slow\recordings\Slow_3.m4a,C:\school\project\everything everything\06_gradient_boosting_training_outputs\wav_files\Slow_3.wav,C:\school\project\abnormal_dataset\slow\scale\scale_log_slow_3.csv,3.0385487528344726,34.15469387755102,52.39957425738483,52.39957425738483,0.22792364656925201,0.024423841387033463,0.024107038974761963,-1.4787445068359375,-4.020644187927246,0.7421186566352844,0.000873913965874847,0.030098674836946428,24.938231292517006,215.33203125,879.7349879735979,750.475868714555,7428.955078125,4.097675323486328,66.5115453130421
C:\school\project\abnormal_dataset\slow\recordings\Slow_4.m4a,C:\school\project\everything everything\06_gradient_boosting_training_outputs\wav_files\Slow_4.wav,C:\school\project\abnormal_dataset\slow\scale\scale_log_slow_4.csv,10.013249744342199,35.733333333333334,916.9925495042345,772.8937202964262,0.11810051649808884,0.026274215430021286,0.014843307435512543,-2.136219024658203,-3.808152437210083,0.6171131134033203,0.0004959473509226172,0.0328144097876457,6.780226757369615,1184.326171875,978.2305438701923,972.4538035554306,10314.404296875,0.5517175197601318,30.388371109324087
C:\school\project\abnormal_dataset\slow\recordings\Slow_5.m4a,C:\school\project\everything everything\06_gradient_boosting_training_outputs\wav_files\Slow_5.wav,C:\school\project\abnormal_dataset\slow\scale\scale_log_slow_5.csv,7.3535191854519715,32.10666666666667,1022.7276958555574,838.6271875772957,0.10367041826248169,0.029395554214715958,0.01611773669719696,-2.266538381576538,-3.6598105430603027,0.5120513439178467,0.00025195473633207526,0.012869901827082867,6.222947845804988,1033.59375,1043.3405337126358,1121.8419420051493,10335.9375,0.5422083139419556,30.182676457959545
C:\school\project\abnormal_dataset\slow\recordings\Slow_6.m4a,C:\school\project\everything everything\06_gradient_boosting_training_outputs\wav_files\Slow_6.wav,C:\school\project\abnormal_dataset\slow\scale\scale_log_slow_6.csv,5.5709394869058855,31.168027210884354,864.5929752468496,877.6928688111958,0.2028815597295761,0.0345129631459713,0.022254586219787598,-1.595132827758789,-3.5694801807403564,0.6936384439468384,0.0002825592316216085,0.007618003938066012,20.48,893.6279296875,981.1065673828125,1058.205151648392,10217.5048828125,1.8585480451583862,48.83830863795235
C:\school\project\abnormal_dataset\slow\recordings\Slow_7.m4a,C:\school\project\everything everything\06_gradient_boosting_training_outputs\wav_files\Slow_7.wav,C:\school\project\abnormal_dataset\slow\scale\scale_log_slow_7.csv,7.746920990618483,34.92267573696145,916.9925495042345,916.9925495042345,0.13917550444602966,0.029945027083158493,0.01815410889685154,-1.9720194339752197,-3.695030927658081,0.6574507355690002,4.329570207216676e-05,-0.00789285491074292,14.419591836734694,1819.5556640625,944.1828095266413,904.6797717568168,10292.87109375,0.5746708512306213,30.876135096289488
C:\school\project\abnormal_dataset\slow\recordings\Slow_8.m4a,C:\school\project\everything everything\06_gradient_boosting_training_outputs\wav_files\Slow_8.wav,C:\school\project\abnormal_dataset\slow\scale\scale_log_slow_8.csv,9.3872215552888,34.85868480725624,838.3931881181572,759.79382673208,0.12889842689037323,0.04221002757549286,0.021059023216366768,-2.0487303733825684,-3.3611972332000732,0.7476961016654968,-0.0004809609961011332,-0.02680425593163038,12.887074829931972,3499.1455078125,1138.3718490600586,1240.6124785892218,10411.3037109375,0.5948327779769897,31.2948776911014
C:\school\project\abnormal_dataset\slow\recordings\Slow_9.m4a,C:\school\project\everything everything\06_gradient_boosting_training_outputs\wav_files\Slow_9.wav,C:\school\project\abnormal_dataset\slow\scale\scale_log_slow_9.csv,4.660975501311643,35.00802721088435,969.3921237616194,969.3921237616194,0.10175328701734543,0.01528075523674488,0.013298453763127327,-2.2852041721343994,-4.453649520874023,0.7093292474746704,0.0003577944410100949,0.024479082958205195,17.69360544217687,3800.6103515625,1157.2772141709688,1311.3203060393848,9991.40625,0.13792066276073456,17.6807040517528
C:\school\project\abnormal_dataset\slow\recordings\Slow_10.m4a,C:\school\project\everything everything\06_gradient_boosting_training_outputs\wav_files\Slow_10.wav,C:\school\project\abnormal_dataset\slow\scale\scale_log_slow_10.csv,2.2270241429905333,30.101360544217687,916.9925495042345,903.8926559398883,0.1924293041229248,0.03579945117235184,0.031733784824609756,-1.6480263471603394,-3.726703405380249,0.9798327684402466,-6.509248357891993e-05,-0.02193703405575253,13.514013605442177,1119.7265625,980.096914556962,1054.582959273057,10282.1044921875,1.7012888193130493,47.180350606446474
C:\school\project\abnormal_dataset\slow\recordings\Slow_11.m4a,C:\school\project\everything everything\06_gradient_boosting_training_outputs\wav_files\Slow_11.wav,C:\school\project\abnormal_dataset\slow\scale\scale_log_slow_11.csv,5.08621226268286,31.509342403628118,52.39957425738483,52.39957425738483,0.13567925989627838,0.020029492676258087,0.015085218474268913,-1.9974614381790161,-4.131511211395264,0.6623866558074951,-0.0003910252803385167,-0.02325984944531794,2.5309750566893423,75.3662109375,1023.8362020047446,1126.4298328303505,10142.138671875,1.1695032119750977,40.7541484131452
C:\school\project\abnormal_dataset\slow\recordings\Slow_12.m4a,C:\school\project\everything everything\06_gradient_boosting_training_outputs\wav_files\Slow_12.wav,C:\school\project\abnormal_dataset\slow\scale\scale_log_slow_12.csv,3.036503490285008,31.786666666666665,26.199787128692414,227.0648217820009,0.11321641504764557,0.006485241465270519,0.008756713941693306,-2.1784541606903076,-5.500237464904785,1.0117071866989136,5.428977645188464e-05,-0.03476189254747345,27.376326530612246,344.53125,948.6253786007695,1018.7434495542582,8031.884765625,0.7412916421890259,34.104958049029996
C:\school\project\abnormal_dataset\slow\recordings\Slow_13.m4a,C:\school\project\everything everything\06_gradient_boosting_training_outputs\wav_files\Slow_13.wav,C:\school\project\abnormal_dataset\slow\scale\scale_log_slow_13.csv,3.155662264905968,31.36,890.792762375542,877.6928688111958,0.23242588341236115,0.03118216246366501,0.027186578139662743,-1.4591838121414185,-3.7917542457580566,0.850028932094574,0.0005128482950072603,0.01095813398290788,24.752471655328797,893.6279296875,918.9415658882402,1013.370020722792,10239.0380859375,1.955866813659668,49.82182714313312
C:\school\project\abnormal_dataset\slow\recordings\Slow_14.m4a,C:\school\project\everything everything\06_gradient_boosting_training_outputs\wav_files\Slow_14.wav,C:\school\project\abnormal_dataset\slow\scale\scale_log_slow_14.csv,5.978391356542627,32.51201814058957,654.9946782173104,654.9946782173104,0.19464486837387085,0.034526269882917404,0.02281327173113823,-1.6365785598754883,-3.5553171634674072,0.6370013952255249,-3.484384387234113e-05,-0.009734175235746654,16.834467120181404,656.7626953125,1020.9350694831624,1016.7567762220752,7934.9853515625,1.7215139865875244,47.398674684844366
C:\school\project\abnormal_dataset\slow\recordings\Slow_15.m4a,C:\school\project\everything everything\06_gradient_boosting_training_outputs\wav_files\Slow_15.wav,C:\school\project\abnormal_dataset\slow\scale\scale_log_slow_15.csv,7.563025210084048,37.29070294784581,890.792762375542,740.1439863855608,0.21776637434959412,0.03873584792017937,0.029608681797981262,-1.5243324041366577,-3.7399232387542725,1.285538911819458,-0.0008081246448423951,-0.06789120844378636,7.174965986394557,215.33203125,839.9095414799947,967.2459663730536,10228.271484375,2.176220417022705,51.943567936451636
C:\school\project\abnormal_dataset\slow\recordings\Slow_16.m4a,C:\school\project\everything everything\06_gradient_boosting_training_outputs\wav_files\Slow_16.wav,C:\school\project\abnormal_dataset\slow\scale\scale_log_slow_16.csv,3.21719799030724,31.616009070294783,890.792762375542,864.5929752468496,0.05915839970111847,0.009786665439605713,0.00844509620219469,-2.8275365829467773,-5.006373882293701,0.9625230431556702,0.00011267530416809459,0.024275507608157484,12.329795918367347,5017.236328125,1049.575975762039,1237.628974267517,10335.9375,0.042300619184970856,11.142525834390169
C:\school\project\abnormal_dataset\slow\recordings\Slow_17.m4a,C:\school\project\everything everything\06_gradient_boosting_training_outputs\wav_files\Slow_17.wav,C:\school\project\abnormal_dataset\slow\scale\scale_log_slow_17.csv,7.882708639011174,33.92,864.5929752468496,851.4930816825034,0.08020684868097305,0.01722216233611107,0.009889685548841953,-2.523146390914917,-4.25505256652832,0.6993553638458252,0.00011278627799733487,-0.0016603605495391506,21.89641723356009,4543.505859375,941.2170111452385,791.8850972077947,7170.556640625,0.13365884125232697,17.46522957318145
C:\school\project\abnormal_dataset\staccato\recordings\Staccato_1.m4a,C:\school\project\everything everything\06_gradient_boosting_training_outputs\wav_files\Staccato_1.wav,C:\school\project\abnormal_dataset\staccato\scale\scale_log_staccato_1.csv,11.064336845849468,27.861360544217685,471.59616831646343,471.59616831646343,0.15676042437553406,0.058595798909664154,0.028370264917612076,-1.8530365228652954,-3.017580509185791,0.7165549993515015,-0.0020535876390111087,-0.050584896523237256,3.1346938775510202,2508.6181640625,722.1169730213201,698.2719585355076,8354.8828125,1.6103724241256714,46.178879728388154
C:\school\project\abnormal_dataset\staccato\recordings\Staccato_2.m4a,C:\school\project\everything everything\06_gradient_boosting_training_outputs\wav_files\Staccato_2.wav,C:\school\project\abnormal_dataset\staccato\scale\scale_log_staccato_2.csv,9.888666577742224,28.62934240362812,471.59616831646343,471.59616831646343,0.12119485437870026,0.04558087885379791,0.022539187222719193,-2.1103556156158447,-3.280552864074707,0.7342747449874878,-0.0015152007966496973,-0.049100987077537545,8.312743764172335,549.0966796875,745.279892176798,846.3146198285351,10195.9716796875,0.941305935382843,37.44075753541586
C:\school\project\abnormal_dataset\staccato\recordings\Staccato_3.m4a,C:\school\project\everything everything\06_gradient_boosting_training_outputs\wav_files\Staccato_3.wav,C:\school\project\abnormal_dataset\staccato\scale\scale_log_staccato_3.csv,8.778444711217839,26.901360544217688,471.59616831646343,471.59616831646343,0.12592263519763947,0.044008199125528336,0.020998481661081314,-2.072087526321411,-3.2809300422668457,0.633576512336731,-0.0008238756587641813,-0.03391624609603412,10.379319727891156,4995.703125,689.7600915437806,658.0060456545092,6503.02734375,0.9088109731674194,36.930426847728214
C:\school\project\abnormal_dataset\staccato\recordings\Staccato_4.m4a,C:\school\project\everything everything\06_gradient_boosting_training_outputs\wav_files\Staccato_4.wav,C:\school\project\abnormal_dataset\staccato\scale\scale_log_staccato_4.csv,16.305811213374255,25.621360544217687,471.59616831646343,471.59616831646343,0.14295639097690582,0.05691567808389664,0.03140176832675934,-1.9452155828475952,-3.0972847938537598,0.8029163479804993,-0.0026932888238219033,-0.07706056237458432,2.7631746031746034,1259.6923828125,855.8506164550781,693.1492533796292,5307.9345703125,1.3230705261230469,42.766497092721174
C:\school\project\abnormal_dataset\staccato\recordings\Staccato_5.m4a,C:\school\project\everything everything\06_gradient_boosting_training_outputs\wav_files\Staccato_5.wav,C:\school\project\abnormal_dataset\staccato\scale\scale_log_staccato_5.csv,6.913609888399819,28.69333333333333,471.59616831646343,471.59616831646343,0.08085376769304276,0.021568013355135918,0.01361366268247366,-2.515113115310669,-4.145514965057373,0.9656587243080139,0.0003464064555981116,0.03537411608113314,17.925804988662133,4478.90625,677.9274158171792,780.2627307592722,7708.88671875,0.2974240481853485,23.871464069574877
C:\school\project\abnormal_dataset\staccato\recordings\Staccato_6.m4a,C:\school\project\everything everything\06_gradient_boosting_training_outputs\wav_files\Staccato_6.wav,C:\school\project\abnormal_dataset\staccato\scale\scale_log_staccato_6.csv,12.942421413009674,29.35469387755102,471.59616831646343,471.59616831646343,0.12743960320949554,0.05476832762360573,0.02360248938202858,-2.060112714767456,-3.0469369888305664,0.6294896006584167,-0.0009277195807599083,-0.029565534846666068,2.2755555555555556,1765.72265625,724.6125994988207,691.7266979588335,6276.9287109375,1.1115095615386963,39.952409164699766
C:\school\project\abnormal_dataset\staccato\recordings\Staccato_7.m4a,C:\school\project\everything everything\06_gradient_boosting_training_outputs\wav_files\Staccato_7.wav,C:\school\project\abnormal_dataset\staccato\scale\scale_log_staccato_7.csv,11.128451380552242,27.2,471.59616831646343,484.6960618808097,0.14127224683761597,0.05381762981414795,0.025560768321156502,-1.957066297531128,-3.0695252418518066,0.5992330312728882,-0.0012350235825980323,-0.026637986079050973,3.2043537414965986,947.4609375,669.32373046875,586.3043694763488,7267.4560546875,0.9321957230567932,37.298779880416845
C:\school\project\abnormal_dataset\staccato\recordings\Staccato_8.m4a,C:\school\project\everything everything\06_gradient_boosting_training_outputs\wav_files\Staccato_8.wav,C:\school\project\abnormal_dataset\staccato\scale\scale_log_staccato_8.csv,10.647992530345494,25.32267573696145,471.59616831646343,484.6960618808097,0.15062759816646576,0.06203947588801384,0.029298026114702225,-1.892944574356079,-2.9670889377593994,0.7413802742958069,-0.0017428589625888887,-0.05218437798022955,2.4380952380952383,1776.4892578125,706.116574309593,850.3688734916683,10206.73828125,1.3837389945983887,43.52213341470303
C:\school\project\abnormal_dataset\staccato\recordings\Staccato_9.m4a,C:\school\project\everything everything\06_gradient_boosting_training_outputs\wav_files\Staccato_9.wav,C:\school\project\abnormal_dataset\staccato\scale\scale_log_staccato_9.csv,17.983460050686972,26.92267573696145,497.7959554451559,602.5951039599255,0.11551403254270554,0.033958256244659424,0.025973143056035042,-2.158363103866577,-3.719623565673828,0.8738080859184265,-0.0014996099934014104,-0.05764357940047605,13.746213151927437,1884.1552734375,811.2612123842592,859.7184893180726,7848.8525390625,0.9609484672546387,37.74405189083399
C:\school\project\abnormal_dataset\staccato\recordings\Staccato_10.m4a,C:\school\project\everything everything\06_gradient_boosting_training_outputs\wav_files\Staccato_10.wav,C:\school\project\abnormal_dataset\staccato\scale\scale_log_staccato_10.csv,11.75741407674182,24.448027210884355,471.59616831646343,497.79595544515587,0.13533668220043182,0.03973941132426262,0.026828989386558533,-1.9999895095825195,-3.7387447357177734,1.4122257232666016,-0.0025662691915376433,-0.15350302785359274,2.647074829931973,1787.255859375,706.2369059526384,772.6631105680199,8753.2470703125,1.048372507095337,39.050024140173306
C:\school\project\abnormal_dataset\staccato\recordings\Staccato_11.m4a,C:\school\project\everything everything\06_gradient_boosting_training_outputs\wav_files\Staccato_11.wav,C:\school\project\abnormal_dataset\staccato\scale\scale_log_staccato_11.csv,22.868169490018303,25.813333333333333,1663.3262981669018,1569.729817311932,0.17733047902584076,0.04500366374850273,0.032157886773347855,-1.729740023612976,-3.4080615043640137,0.8642596006393433,-0.0013235090252481452,-0.04546011692017419,4.08671201814059,1658.056640625,958.5713002873563,739.1013768452297,6244.62890625,1.7867300510406494,48.09219841880731
C:\school\project\abnormal_dataset\staccato\recordings\Staccato_12.m4a,C:\school\project\everything everything\06_gradient_boosting_training_outputs\wav_files\Staccato_12.wav,C:\school\project\abnormal_dataset\staccato\scale\scale_log_staccato_12.csv,14.431639322395649,24.87469387755102,471.59616831646343,497.79595544515587,0.1426725536584854,0.0482267402112484,0.031607963144779205,-1.9472030401229858,-3.3606462478637695,0.9418523907661438,-0.0019800233394129175,-0.06953435105573821,7.732244897959184,872.0947265625,893.3258056640625,936.5436866359175,10379.00390625,1.622157335281372,46.31060528679664
C:\school\project\abnormal_dataset\staccato\recordings\Staccato_13.m4a,C:\school\project\everything everything\06_gradient_boosting_training_outputs\wav_files\Staccato_13.wav,C:\school\project\abnormal_dataset\staccato\scale\scale_log_staccato_13.csv,7.119203236850311,23.488027210884354,497.7959554451559,484.6960618808097,0.09663359075784683,0.03461962193250656,0.0209664199501276,-2.3368287086486816,-3.5967490673065186,0.7394394278526306,-0.0004339371715786937,-0.018431003200061608,9.05578231292517,441.4306640625,712.3947496585797,768.6823782284733,6244.62890625,0.6753050088882446,32.88518414110656
C:\school\project\abnormal_dataset\staccato\recordings\Staccato_14.m4a,C:\school\project\everything everything\06_gradient_boosting_training_outputs\wav_files\Staccato_14.wav,C:\school\project\abnormal_dataset\staccato\scale\scale_log_staccato_14.csv,7.244142101284972,24.576009070294784,497.7959554451559,471.59616831646343,0.13766783475875854,0.04129776358604431,0.027608871459960938,-1.9829113483428955,-3.4964261054992676,0.9032391905784607,-0.0008777044854101525,-0.045675925421259665,10.565079365079365,506.0302734375,692.0576207778033,933.9866279595018,8214.9169921875,1.232977032661438,41.6043485190625
C:\school\project\abnormal_dataset\staccato\recordings\Staccato_15.m4a,C:\school\project\everything everything\06_gradient_boosting_training_outputs\wav_files\Staccato_15.wav,C:\school\project\abnormal_dataset\staccato\scale\scale_log_staccato_15.csv,17.944422213329805,28.202675736961453,497.7959554451559,497.79595544515587,0.10952600091695786,0.04174620658159256,0.02151114121079445,-2.2115931510925293,-3.385633945465088,0.7754518985748291,-0.0009880182699609048,-0.03990175590129475,7.500045351473923,1862.6220703125,869.3795683082014,758.6796785362827,7784.2529296875,0.688216507434845,33.129390946779296
C:\school\project\abnormal_dataset\staccato\recordings\Staccato_16.m4a,C:\school\project\everything everything\06_gradient_boosting_training_outputs\wav_files\Staccato_16.wav,C:\school\project\abnormal_dataset\staccato\scale\scale_log_staccato_16.csv,18.529811924769938,25.00267573696145,523.9957425738482,497.79595544515587,0.13354362547397614,0.05136775225400925,0.03006812557578087,-2.01332688331604,-3.270322799682617,0.9668707847595215,-0.002015092011063471,-0.060382451381089775,6.6873469387755105,2099.4873046875,841.7405348557693,806.8287989353281,7138.2568359375,1.2867416143417358,42.30386318372338
C:\school\project\abnormal_dataset\staccato\recordings\Staccato_17.m4a,C:\school\project\everything everything\06_gradient_boosting_training_outputs\wav_files\Staccato_17.wav,C:\school\project\abnormal_dataset\staccato\scale\scale_log_staccato_17.csv,10.708016539949336,27.797369614512473,523.9957425738482,484.6960618808096,0.08526641130447388,0.029921608045697212,0.01551174558699131,-2.461974620819092,-3.723057985305786,0.7672114372253418,-0.0006877404309453976,-0.03913142327804152,3.1811337868480725,699.8291015625,666.7611248495895,597.594691296135,6395.361328125,0.3456875681877136,25.31580620977681
C:\school\project\healthy_dataset\included\audio\Rec_data_82.m4a,C:\school\project\everything everything\06_gradient_boosting_training_outputs\wav_files\Rec_data_82.wav,C:\school\project\healthy_dataset\included\scale\scale_log_data_82.csv,11.141790049353087,22.229342403628117,523.9957425738482,497.79595544515587,0.12279313802719116,0.029374010860919952,0.026618102565407753,-2.0972540378570557,-3.952000141143799,0.9313158392906189,0.0001731473455815021,0.017258408432456483,9.450521541950113,2260.986328125,460.58786876166045,699.1552083700929,6201.5625,0.9610600471496582,37.74576392048831
C:\school\project\healthy_dataset\included\audio\Rec_data_114.m4a,C:\school\project\everything everything\06_gradient_boosting_training_outputs\wav_files\Rec_data_114.wav,C:\school\project\healthy_dataset\included\scale\scale_log_data_114.csv,11.384198123693945,23.1253514739229,707.3942524746952,739.3832420305354,0.17694099247455597,0.031785424798727036,0.029465993866324425,-1.7319388389587402,-3.831650733947754,0.8613815903663635,4.100371209563014e-07,0.006697380792241078,8.962902494331066,2077.9541015625,517.3330167444741,818.2781713954598,10260.5712890625,1.2806459665298462,42.225460885401475
C:\school\project\healthy_dataset\included\audio\Rec_data_115.m4a,C:\school\project\everything everything\06_gradient_boosting_training_outputs\wav_files\Rec_data_115.wav,C:\school\project\healthy_dataset\included\scale\scale_log_data_115.csv,30.06740473967368,23.488027210884354,340.5972326730014,340.5972326730014,0.10629317164421082,0.03197413682937622,0.02847130410373211,-2.2415542602539062,-3.9593868255615234,1.0926203727722168,-0.00046039297989857884,-0.019009095070734547,8.846802721088435,936.6943359375,694.3988874846814,958.8698437276527,10131.3720703125,0.8514450192451477,36.001632670382115
