time_s,gradient_boosting_flow_ml_s,calibration_equation_flow_ml_s,actual_flow_ml_s
0.0,1.7402083723628035,0.0,0.6404076782228059
0.1324999999999985,2.0318017677702254,0.0,1.0899752179825863
0.264999999999997,2.359993828636397,1.7511367936559572,1.6594744996379553
0.3974999999999955,2.728706699038994,4.860208355014314,2.4698803241254486
0.529999999999994,3.1206937671316615,8.01257599656153,3.260766166445653
0.6624999999999925,3.659867006736817,11.242676495815129,4.030920718969951
0.794999999999991,4.291086338660853,13.803237863097769,4.78744889008991
0.9274999999999896,4.957355589931507,16.73007220776375,5.6831997319129215
1.059999999999988,5.387321772230799,19.906362119410765,6.450986328874932
1.1924999999999866,5.841994882380804,23.006278838016808,7.145026791548142
1.324999999999985,6.381392244580355,23.184022114952214,7.74272185199833
1.4574999999999836,6.934541852905152,23.142358412043173,8.289411865615028
1.589999999999982,7.441901617376608,23.21375286615766,8.94975091281514
1.7224999999999806,7.796152138868011,23.47980300312731,9.531294025603497
1.854999999999979,8.114364026230298,24.65552027234576,9.8750561890363
1.9874999999999776,8.5486155105211,25.163287664301244,10.158455586722294
2.119999999999976,9.07300922925324,25.62548180948494,10.343018829506946
2.2524999999999746,9.473920953703871,26.283529330259192,10.51901015715281
2.384999999999973,9.81826578635026,27.052451701235412,10.659770466305018
2.5174999999999716,10.108439530036632,27.776732760586718,10.754865980898005
2.64999999999997,10.370760154062033,28.295115561229554,10.935043616664636
2.7824999999999687,10.661065916361542,28.544492076836878,11.099999764215438
2.914999999999967,10.898038829115595,28.650243653124104,11.259436964955382
3.0474999999999657,11.113908395535741,29.04827101557888,11.529833879574513
3.179999999999964,11.378779550148073,29.31776153594821,11.743200556225737
3.3124999999999627,11.710532305437738,29.843788457262733,11.877242954855443
3.444999999999961,12.162357535703105,30.725380511278075,11.9587358081593
3.5774999999999597,12.76117891897542,31.671518895115796,11.928303518377087
3.709999999999958,13.543826446839097,33.12502718088143,11.83839906434213
3.8424999999999567,14.323846967429251,34.90015138627155,11.66367322982417
3.9749999999999552,15.11282274060187,37.09670157083227,11.349293764828605
4.107499999999954,15.770070499507652,39.21259565746487,10.953461471168724
4.239999999999952,16.44589532395039,41.16079995821403,10.547195068503765
4.372499999999951,16.87041207995289,42.178746866180006,10.066973419852099
4.504999999999949,17.08624109732997,42.85300482595197,9.532340010023118
4.637499999999948,16.884791381062076,42.86681384128408,9.055093083310743
4.769999999999946,16.426822782104555,42.461313309928094,8.615140063772348
4.902499999999945,15.80246166339157,41.20965028867467,8.285532916594502
5.034999999999943,15.103933629122631,39.01540367097733,8.049137163282941
5.167499999999942,14.309945089243191,36.72477638214545,7.837878417360319
5.29999999999994,13.509975646470314,34.327070128475796,7.716684329117685
5.432499999999939,12.900601815840744,33.05801822134019,7.64044630112055
5.564999999999937,12.399387196615413,32.4641753707654,7.619058478208126
5.697499999999936,12.048710394494908,32.86734669510021,7.616107712715712
5.829999999999934,11.758030366310045,33.549655246766605,7.526242820360547
5.962499999999933,11.534165487679875,34.17085076758768,7.3917117729046335
6.094999999999931,11.441309857304754,34.5725722005552,7.28487643253556
6.22749999999993,11.344408464656178,33.97026032484995,7.189921980378673
6.359999999999928,11.232365190027304,33.740948544609886,7.0912038508860515
6.492499999999927,10.91886272370851,33.53456667745216,6.954544638368266
6.624999999999925,10.699481988072097,33.61423984147638,6.811563009042093
6.757499999999924,10.503789884173962,32.98646951914644,6.759909811462485
6.889999999999922,10.34554993365362,32.241682438600385,6.74016450014352
7.022499999999921,10.150436610378003,31.31598947823417,6.669443937612995
7.154999999999919,9.860600699757438,30.382975565254743,6.560987554172305
7.287499999999918,9.453915145425237,30.38169539120305,6.47390763891916
7.419999999999916,9.12246834647309,29.602753897705806,6.421697466865579
7.552499999999915,8.92964251481327,28.252971484171052,6.343525967284643
7.6849999999999135,8.670345167568021,26.993862704499886,6.181476919772385
7.817499999999912,8.553342131170565,26.214708693374725,5.996613252308623
7.9499999999999105,8.517840171710352,25.884094918814604,5.862309958948709
8.082499999999909,8.612955089704046,27.053322189683207,5.734286302269004
8.214999999999907,8.770668740943659,28.54424964299794,5.568721165393052
8.347499999999906,8.999515019799269,30.010410806121424,5.380272473473541
8.479999999999905,9.10245560386148,31.291511413190072,5.206497044021655
8.612499999999903,9.200940234368451,31.794426556352878,5.080672183646265
8.744999999999902,9.260970488026114,31.214504415749705,4.958965721069185
8.8774999999999,9.116003458266853,30.346096467826463,4.7953692603936995
9.009999999999899,8.777876766111214,29.469713461328965,4.653445400198742
9.142499999999897,8.462628740978323,28.16457935753701,4.537412216472304
9.274999999999896,8.25477622939362,27.00323778482745,4.434794968183965
9.407499999999894,8.098113597975939,25.980987766391646,4.352972249505931
9.539999999999893,8.109408452544983,25.61509993234989,4.254802071269194
9.672499999999891,8.099022035944744,25.99166529016674,4.151813371210173
9.80499999999989,8.190328797185323,27.531145231248175,4.07646913708361
9.937499999999888,8.342628312624905,28.820148250636187,4.0013795922410225
10.069999999999887,8.438849435550084,29.759529802016292,3.9083815344320514
10.202499999999885,8.48023975406825,30.403480618858158,3.7821827609594463
10.334999999999884,8.322901808427217,29.666737506925237,3.6060518957905012
10.467499999999882,8.070284751176311,28.62376414567602,3.401407911649698
10.59999999999988,7.701066023522438,26.797763693884924,3.17967802577946
10.73249999999988,7.183210806814398,24.802269935913777,2.956106685098477
10.864999999999878,6.635833724047835,23.033921918764033,2.743693896291487
10.997499999999876,6.048603657320928,21.083650476886394,2.534629073616968
11.129999999999875,5.5256761444162725,19.444949897780834,2.337756808149802
11.262499999999873,5.094236659737471,16.425175949933415,2.2080616522939818
11.394999999999872,4.740099810516378,13.879652448397493,2.1389729836101097
11.52749999999987,4.369837908159266,14.100185813646604,2.0971693601683494
11.659999999999869,4.127548028928057,14.501625432723332,2.0580863417998843
11.792499999999867,4.001577122954234,14.682374476401518,1.9904594176686747
11.924999999999866,3.9326623102829625,14.907294301142066,1.9102364404122218
12.057499999999864,3.97699839788615,12.740071229525183,1.850182330149953
12.189999999999863,4.086092575730893,11.274997886381243,1.8204422347658715
12.322499999999861,4.067536622304857,12.692347902535996,1.8184800938811587
12.45499999999986,4.102630471017851,13.737637309333978,1.8248888675012036
12.587499999999858,4.154721493847095,13.538263040658162,1.8268916461286975
12.719999999999857,4.116778380895514,13.312939032364202,1.8608605438073325
12.852499999999855,4.080683633581327,12.161998331894976,1.9545470834194154
12.984999999999854,4.015602681917589,10.597856302340116,2.057363349380085
13.117499999999852,3.781607494021998,10.597856302340114,2.0905003238846125
13.24999999999985,3.5624701647060575,10.374237190392964,2.049752136597975
13.38249999999985,3.3883049040845425,8.039300411810718,1.9836435096505198
13.514999999999848,3.2962056475767123,5.525852383840386,1.9389715012150404
13.647499999999846,3.280162467657857,3.0129498034516264,1.9131447344778436
13.779999999999845,3.26713060680065,2.300778122124847,1.889581590211869
13.912499999999843,3.2616745784525087,3.9572994305103126,1.870491866318977
14.044999999999842,3.3635679692660045,6.1242226170370575,1.8662623504178484
14.17749999999984,3.569198231720565,8.279149690383056,1.8807504524352072
14.309999999999839,3.7942582981901007,8.883483666828836,1.9078568066344677
14.442499999999837,3.967752059267696,11.071434022654637,1.916424056904374
14.574999999999836,4.007184927708872,13.285786036162948,1.8448482149754157
14.707499999999834,4.094555043808925,14.992326011656367,1.6536797499185583
14.839999999999833,4.180689397120844,14.98836261678602,1.4127503327411337
14.972499999999831,4.212371549919855,14.886542321678256,1.1917674995409102
15.10499999999983,4.079031740059343,14.759229447267062,0.9502791015399267
15.237499999999828,3.860509100745275,15.103960070222035,0.6993201320935735
15.369999999999827,3.638613194843615,14.273822103719466,0.4533048650698582
15.502499999999825,3.4680935146791114,12.053769498657912,0.26142863296396757
15.634999999999824,3.155861279381089,9.834024097676867,0.15689765210906095
15.767499999999822,2.8025214640290192,7.631354349767753,0.09205268281563177
15.899999999999821,2.460848278185794,5.399209333247455,0.03689922938876366
16.03249999999982,2.1854899986882588,3.353204261316407,0.00937085692863384
16.164999999999818,2.0013105086198117,1.3311701396893507,0.002613166478711142
16.297499999999815,1.842043048715902,0.0,0.0005772905753183374
16.429999999999815,1.680427964971141,0.0,0.0
16.562499999999815,1.5764117369389963,0.0,0.0
16.694999999999812,1.5625846740774048,0.0,0.0
16.82749999999981,1.5411835620885341,0.0,0.0
16.95999999999981,1.5166349430762163,0.0,0.0
17.09249999999981,1.4898129182581878,0.0,0.0
17.224999999999806,1.4634426687781563,0.0,0.0
17.357499999999803,1.4410169515721925,0.0,0.0
17.489999999999803,1.4253718409155351,0.0,0.0
17.622499999999803,1.3958799086418734,0.0,0.0
17.7549999999998,1.3478487247903814,0.0,0.0
17.887499999999797,1.2779417764951178,0.0,0.0
18.019999999999797,1.155452373244483,0.0,0.0
18.152499999999797,0.9731488428073103,0.0,0.0
18.284999999999794,0.7908520025912609,0.0,0.0
18.41749999999979,0.6058916842877106,0.0,0.0
