time_s,actual_flow_ml_s,gradient_boosting_flow_ml_s,calibration_equation_flow_ml_s,offset_corrected_calibration_flow_ml_s
0.0,0.8071410382334878,2.1440579471764885,0.0,0.0
0.1319999999999979,1.54004289462822,2.508673043642623,0.0,0.0
0.2639999999999958,2.470126806703558,2.9439955870325587,0.1010611204838305,0.0
0.3959999999999937,3.731313462023924,3.449659617353824,1.7491853196991725,0.0
0.5279999999999916,5.059117310836187,4.057563261196248,3.46058621691033,0.0
0.6599999999999895,6.827062726784791,4.748546992806547,5.144004534282051,0.0
0.7919999999999874,8.254170496340084,5.45192364731872,6.854047540112798,0.0
0.9239999999999852,9.50484360410832,6.123607917772317,8.628056790995752,0.0
1.0559999999999832,10.728942851792008,6.840134499377832,10.598490276673717,0.0
1.187999999999981,11.821055485935265,7.61652213999117,12.80587519616223,0.0
1.319999999999979,12.97943419792162,8.486254943984166,14.470532788794012,0.0
1.4519999999999769,13.97400452022306,9.49552588353854,15.54177103463234,0.0
1.5839999999999748,14.700481131419808,10.819036317819622,16.886171129777146,0.0
1.7159999999999729,15.465277019898958,12.159205984987992,18.828619801910367,0.0
1.8479999999999703,16.415143770118064,13.50371572843546,21.95783942167348,0.0
1.9799999999999685,17.224993445654214,14.838495002705285,25.00141823267276,1.4694647065041977
2.1119999999999663,18.007008864151818,16.11537163904158,27.837507949074567,4.305554422906006
2.243999999999964,18.734420515999396,17.276818335533722,29.965456542979076,6.433503016810516
2.375999999999962,19.37034084665877,18.278448979850573,30.85741963097061,7.32546610480205
2.50799999999996,20.08391446783092,18.77812862625266,31.48126948181918,7.9493159556506185
2.639999999999958,20.791746062488272,18.86529072156461,31.848786103204866,8.316832577036305
2.771999999999956,21.468952861858977,18.89724934354481,31.190164584099776,7.658211057931215
2.9039999999999537,22.058563189328623,18.83521478706098,30.027536609931957,6.495583083763396
3.035999999999952,22.556862848298756,18.748772503338955,28.931898008729306,5.399944482560745
3.167999999999949,23.02400875783736,18.607763058097422,27.776370495980785,4.2444169698122245
3.2999999999999474,23.4562209517548,18.501112366131224,27.651499592780425,4.119546066611864
3.4319999999999453,23.77154324933462,18.45664407455978,27.81762681488236,4.285673288713799
3.563999999999943,24.030736325538243,18.631663348172616,28.13426272978515,4.6023092036165885
3.695999999999941,24.27336182700058,18.82259364799212,28.627509777703377,5.095556251534816
3.827999999999939,24.52336816377736,19.082730817342355,29.096766625660543,5.564813099491982
3.959999999999937,24.711956637568115,19.41732950986888,29.53081850886876,5.998864982700198
4.091999999999935,24.781801248638367,19.79307202373089,29.88987164760657,6.357918121438008
4.223999999999933,24.79119015030295,20.17039540935721,30.254616020656147,6.722662494487587
4.355999999999931,24.75962474303958,20.44447071024916,30.789432074751048,7.257478548582487
4.4879999999999285,24.621753463290567,20.65038554584626,31.358849534859655,7.826896008691094
4.619999999999926,24.300082964828555,20.794368328026863,31.69014344322854,8.158189917059978
4.751999999999924,23.727735101277823,20.85927526531184,31.728265100086936,8.196311573918376
4.883999999999922,22.93497027211769,20.776325374888145,31.370482329567256,7.838528803398695
5.01599999999992,21.897574348280088,20.50984053291455,30.893218251513908,7.361264725345347
5.147999999999918,20.601489258806318,20.087803481054028,30.392662345385904,6.8607088192173435
5.279999999999916,19.08207837373116,19.526540900260574,29.7712401107994,6.23928658463084
5.411999999999914,17.317921107838586,18.88333502104503,29.07041902769807,5.538465501529508
5.543999999999912,15.57374774727543,18.207624762048138,28.0759803579345,4.54402683176594
5.67599999999991,14.07052535679286,17.575402156840013,26.85725999884052,3.325306472671958
5.807999999999908,12.823640144336848,16.9094920972299,25.81164807734233,2.279694551173769
5.939999999999905,11.815738860216026,16.187857261875322,24.943092234740675,1.411138708572114
6.071999999999903,11.102633320831556,15.474624930720507,24.14451618630157,0.6125626601330083
6.203999999999901,10.605553845238262,14.773297713668196,23.324250733189363,0.0
6.335999999999899,10.198776480289553,14.186394472075635,22.486431089139742,0.0
6.467999999999897,9.82759070994408,13.634738562640443,21.518997172925104,0.0
6.599999999999895,9.460205438597246,13.06119618111974,20.784759177318936,0.0
6.731999999999893,9.102883577673904,12.354737647999622,20.17286839746045,0.0
6.863999999999891,8.835018139921498,11.68281358291374,19.3403261354362,0.0
6.9959999999998885,8.767399825594836,11.0996980168451,18.507710147978724,0.0
7.127999999999886,8.911479952482493,10.59424586809826,17.593068449769387,0.0
7.259999999999884,9.26021563026334,10.14958183193776,16.82343779755457,0.0
7.391999999999882,9.821229407900896,9.882777988507714,16.179960292384276,0.0
7.52399999999988,10.360655318638248,9.692194184106034,15.694057785929058,0.0
7.655999999999878,10.80527061773198,9.644623425424374,15.80640397007734,0.0
7.787999999999876,11.115756671986958,9.71577567975192,16.100594005559362,0.0
7.919999999999874,11.23806530187845,9.853365586138512,16.651313820468733,0.0
8.051999999999872,11.240579894672203,10.02178075724365,17.21953078586282,0.0
8.18399999999987,11.134494590377289,10.212142615389368,17.431395778681146,0.0
8.315999999999867,10.93483676614626,10.259345465715688,17.563229902626418,0.0
8.447999999999865,10.695257666139486,10.059731127448137,17.558512766770534,0.0
8.579999999999863,10.47527769929096,9.807280617461524,17.1737228911671,0.0
8.711999999999861,10.303269034887023,9.492573928085736,16.372520610231646,0.0
8.843999999999859,10.13107640161486,9.137682982845694,15.46384313332897,0.0
8.975999999999857,9.91180398378106,8.767656594796208,14.393077087781297,0.0
9.107999999999857,9.64953080799467,8.420551197129443,13.671819870959194,0.0
9.239999999999853,9.39446406097674,8.17112645369525,13.241920940011925,0.0
9.37199999999985,9.198276322313747,8.09464007044947,13.077216171740234,0.0
9.503999999999849,9.043769022760925,8.122146176650487,13.650889101910073,0.0
9.635999999999846,8.884980141664947,8.175885957738023,14.348641471835473,0.0
9.767999999999844,8.728413818402865,8.246494144801263,15.088696775563111,0.0
9.899999999999842,8.605762753681999,8.32999892943742,15.630061601380554,0.0
10.03199999999984,8.50254036885864,8.369501374501011,14.236096237786075,0.0
10.163999999999838,8.341115398473615,8.207498719126079,13.912223010957636,0.0
10.295999999999836,8.14515697896089,7.900691987856851,13.851730465554052,0.0
10.427999999999834,7.990857793689113,7.676219434539589,13.294326174478629,0.0
10.559999999999832,7.82066906016517,7.481437747745674,12.426595360181032,0.0
10.69199999999983,7.672783978779177,7.342873241367523,11.868353499272176,0.0
10.823999999999828,7.487848959473222,7.222426980034362,11.42025208704112,0.0
10.955999999999824,7.279529492362331,7.08088956871263,12.194682356590626,0.0
11.087999999999823,7.115887927923825,7.006650616289192,13.857825999286838,0.0
11.21999999999982,6.9372628884369085,7.144466063245966,13.994105438623368,0.0
11.35199999999982,6.682242212084633,7.210233011355644,14.054580449285924,0.0
11.483999999999815,6.347755040933717,7.074553188080197,14.32084772096728,0.0
11.615999999999817,5.978106137888964,6.882416227066133,14.373659812498142,0.0
11.747999999999813,5.6178488083864,6.657719877806366,14.202786519466317,0.0
11.87999999999981,5.3136827754574965,6.451140114382679,13.792784732402062,0.0
12.011999999999809,4.987768192460183,6.255254641058927,12.639119490489657,0.0
12.143999999999808,4.59675212076229,5.9656295421041285,12.37315048236611,0.0
12.275999999999804,4.278189343124829,5.593467502288589,11.8154070922244,0.0
12.407999999999802,4.039092326907871,5.3388091362550485,10.016901948478848,0.0
12.5399999999998,3.8049230007932247,5.068268392777466,8.152603774125334,0.0
12.671999999999798,3.59916693950346,4.80451823680825,6.394469738947983,0.0
12.803999999999796,3.3094359176987207,4.429375436820199,4.552443135362883,0.0
12.935999999999794,3.0020136787301346,4.040252506993324,3.741621825064188,0.0
13.067999999999792,2.733697504330106,3.638886232236232,2.1009858620053463,0.0
13.19999999999979,2.5188418953823684,3.362262629678135,0.424560207091078,0.0
13.331999999999788,2.306135697826079,3.072584553681017,0.0,0.0
13.463999999999784,2.083184125923468,2.823893241855531,0.0,0.0
13.595999999999783,1.880721561776089,2.664513798866852,0.0,0.0
13.72799999999978,1.7086247510238244,2.533029399717893,0.0,0.0
13.85999999999978,1.5584746295214844,2.462297757988573,0.0,0.0
13.991999999999775,1.4001501389267432,2.418345206276558,0.0,0.0
14.123999999999777,1.245978881382635,2.3367785718574243,0.0,0.0
14.255999999999773,1.142039307305613,2.2876614306241283,0.0,0.0
14.38799999999977,1.123568732430522,2.2751208645045087,0.0,0.0
14.519999999999769,1.150913717908998,2.2175031716944216,0.0,0.0
14.651999999999768,1.266809284202114,2.1684335126974466,0.0,0.0
14.783999999999764,1.4654579780626902,2.1889068545367025,0.0,0.0
14.915999999999762,1.6809330216507563,2.2518714485854545,0.0,0.0
15.04799999999976,1.870812427534801,2.372403997900248,0.0,0.0
15.179999999999758,1.9598927616857995,2.508919130383546,0.0,0.0
15.311999999999756,1.9749635391346696,2.63145725504016,0.0,0.0
15.443999999999754,1.9546811594513764,2.749272941669885,0.0,0.0
15.575999999999752,1.859076964119201,2.866718819827704,0.0,0.0
15.70799999999975,1.65233464774256,2.919702918404828,0.0,0.0
15.839999999999748,1.3812402328360949,2.8958371541473675,0.0,0.0
15.971999999999746,1.1251837382685188,2.7851056724004644,0.0,0.0
16.103999999999743,0.9119255838495592,2.6197183352349933,0.0,0.0
16.23599999999974,0.6801205330621823,2.373651614880169,0.0,0.0
16.36799999999974,0.4755770780269445,2.106383541605552,0.0,0.0
16.499999999999737,0.3037100007470318,1.8516301163148408,0.0,0.0
16.631999999999735,0.1832283715627461,1.6193236519403893,0.0,0.0
16.763999999999733,0.0961253029011043,1.439375650087841,0.0,0.0
16.89599999999973,0.0358929270423152,1.2943315765679562,0.0,0.0
17.02799999999973,0.0060285822318333,1.1968645044986788,0.0,0.0
17.159999999999727,0.0,1.1496768904765218,0.0,0.0
17.291999999999724,0.0,1.1527128402215914,0.0,0.0
17.423999999999722,0.0,1.1551473933440857,0.0,0.0
17.55599999999972,0.0,1.1651798169747107,0.0,0.0
17.687999999999718,0.0,1.1608126795465163,0.0,0.0
17.819999999999716,0.0,1.1359214949261347,0.0,0.0
17.951999999999714,0.0,1.0848958849702857,0.0,0.0
18.083999999999712,0.0,0.9540737050028364,0.0,0.0
18.21599999999971,0.0,0.7967981112495058,0.0,0.0
18.347999999999708,0.0,0.6446647464796302,0.0,0.0
18.479999999999706,0.0,0.4915670364096672,0.0,0.0
